publication	study	subject	stimuli	pair	acoustic_cue	voicing	dur	sd	note	N
Fourakis_Iverson_1984	2	1	Alb	1	preceding vowel duration in ms	voiced	282	17	mean of 6 productions	6
Fourakis_Iverson_1984	2	2	Alb	1	preceding vowel duration in ms	voiced	221	7	mean of 6 productions	6
Fourakis_Iverson_1984	2	3	Alb	1	preceding vowel duration in ms	voiced	220	21	mean of 6 productions	6
Fourakis_Iverson_1984	2	4	Alb	1	preceding vowel duration in ms	voiced	222	12	mean of 6 productions	6
Fourakis_Iverson_1984	2	1	Alp	1	preceding vowel duration in ms	voiceless	281	38	mean of 6 productions	6
Fourakis_Iverson_1984	2	2	Alp	1	preceding vowel duration in ms	voiceless	215	33	mean of 6 productions	6
Fourakis_Iverson_1984	2	3	Alp	1	preceding vowel duration in ms	voiceless	200	33	mean of 6 productions	6
Fourakis_Iverson_1984	2	4	Alp	1	preceding vowel duration in ms	voiceless	180	8	mean of 6 productions	6
Fourakis_Iverson_1984	2	1	Bad	2	preceding vowel duration in ms	voiced	301	23	mean of 6 productions	6
Fourakis_Iverson_1984	2	2	Bad	2	preceding vowel duration in ms	voiced	266	30	mean of 6 productions	6
Fourakis_Iverson_1984	2	3	Bad	2	preceding vowel duration in ms	voiced	285	27	mean of 6 productions	6
Fourakis_Iverson_1984	2	4	Bad	2	preceding vowel duration in ms	voiced	NA	NA	mean of 6 productions	6
Fourakis_Iverson_1984	2	1	bat	2	preceding vowel duration in ms	voiceless	317	15	mean of 6 productions	6
Fourakis_Iverson_1984	2	2	bat	2	preceding vowel duration in ms	voiceless	230	29	mean of 6 productions	6
Fourakis_Iverson_1984	2	3	bat	2	preceding vowel duration in ms	voiceless	216	16	mean of 6 productions	6
Fourakis_Iverson_1984	2	4	bat	2	preceding vowel duration in ms	voiceless	NA	NA	mean of 6 productions	6
Fourakis_Iverson_1984	1	1	briet	3	preceding vowel duration in ms	voiceless	118	16	mean of 6 productions	6
Fourakis_Iverson_1984	1	2	briet	3	preceding vowel duration in ms	voiceless	142	13	mean of 6 productions	6
Fourakis_Iverson_1984	1	3	briet	3	preceding vowel duration in ms	voiceless	130	21	mean of 6 productions	6
Fourakis_Iverson_1984	1	4	briet	3	preceding vowel duration in ms	voiceless	195	4	mean of 6 productions	6
Fourakis_Iverson_1984	1	1	mied	3	preceding vowel duration in ms	voiced	112	16	mean of 6 productions	6
Fourakis_Iverson_1984	1	2	mied	3	preceding vowel duration in ms	voiced	139	11	mean of 5 productions	6
Fourakis_Iverson_1984	1	3	mied	3	preceding vowel duration in ms	voiced	115	25	mean of 6 productions	6
Fourakis_Iverson_1984	1	4	mied	3	preceding vowel duration in ms	voiced	228	37	mean of 6 productions	6
Fourakis_Iverson_1984	1	1	riet	3	preceding vowel duration in ms	voiceless	110	13	mean of 6 productions	6
Fourakis_Iverson_1984	1	2	riet	3	preceding vowel duration in ms	voiceless	143	11	mean of 6 productions	6
Fourakis_Iverson_1984	1	3	riet	3	preceding vowel duration in ms	voiceless	131	12	mean of 6 productions	6
Fourakis_Iverson_1984	1	4	riet	3	preceding vowel duration in ms	voiceless	199	8	mean of 6 productions	6
Fourakis_Iverson_1984	1	1	schied	3	preceding vowel duration in ms	voiced	122	11	mean of 6 productions	6
Fourakis_Iverson_1984	1	2	schied	3	preceding vowel duration in ms	voiced	135	4	mean of 6 productions	6
Fourakis_Iverson_1984	1	3	schied	3	preceding vowel duration in ms	voiced	102	23	mean of 6 productions	6
Fourakis_Iverson_1984	1	4	schied	3	preceding vowel duration in ms	voiced	182	12	mean of 6 productions	6
Fourakis_Iverson_1984	1	1	buk	4	preceding vowel duration in ms	voiceless	112	15	mean of 6 productions	6
Fourakis_Iverson_1984	1	2	buk	4	preceding vowel duration in ms	voiceless	145	7	mean of 6 productions	6
Fourakis_Iverson_1984	1	3	buk	4	preceding vowel duration in ms	voiceless	109	13	mean of 6 productions	6
Fourakis_Iverson_1984	1	4	buk	4	preceding vowel duration in ms	voiceless	177	43	mean of 6 productions	6
Fourakis_Iverson_1984	1	1	schlug	4	preceding vowel duration in ms	voiced	115	32	mean of 6 productions	6
Fourakis_Iverson_1984	1	2	schlug	4	preceding vowel duration in ms	voiced	138	13	mean of 6 productions	6
Fourakis_Iverson_1984	1	3	schlug	4	preceding vowel duration in ms	voiced	102	12	mean of 6 productions	6
Fourakis_Iverson_1984	1	4	schlug	4	preceding vowel duration in ms	voiced	193	8	mean of 6 productions	6
Fourakis_Iverson_1984	1	1	trug	4	preceding vowel duration in ms	voiced	108	26	mean of 6 productions	6
Fourakis_Iverson_1984	1	2	trug	4	preceding vowel duration in ms	voiced	138	16	mean of 6 productions	6
Fourakis_Iverson_1984	1	3	trug	4	preceding vowel duration in ms	voiced	121	13	mean of 6 productions	6
Fourakis_Iverson_1984	1	4	trug	4	preceding vowel duration in ms	voiced	206	16	mean of 6 productions	6
Fourakis_Iverson_1984	2	1	Bund	5	preceding vowel duration in ms	voiced	295	11	mean of 6 productions	6
Fourakis_Iverson_1984	2	2	Bund	5	preceding vowel duration in ms	voiced	235	7	mean of 6 productions	6
Fourakis_Iverson_1984	2	3	Bund	5	preceding vowel duration in ms	voiced	266	10	mean of 6 productions	6
Fourakis_Iverson_1984	2	4	Bund	5	preceding vowel duration in ms	voiced	212	21	mean of 6 productions	6
Fourakis_Iverson_1984	2	1	bunt	5	preceding vowel duration in ms	voiceless	275	25	mean of 6 productions	6
Fourakis_Iverson_1984	2	2	bunt	5	preceding vowel duration in ms	voiceless	216	16	mean of 6 productions	6
Fourakis_Iverson_1984	2	3	bunt	5	preceding vowel duration in ms	voiceless	219	15	mean of 6 productions	6
Fourakis_Iverson_1984	2	4	bunt	5	preceding vowel duration in ms	voiceless	179	32	mean of 6 productions	6
Fourakis_Iverson_1984	1	1	lag	6	preceding vowel duration in ms	voiced	175	28	mean of 6 productions	6
Fourakis_Iverson_1984	1	2	lag	6	preceding vowel duration in ms	voiced	182	16	mean of 6 productions	6
Fourakis_Iverson_1984	1	3	lag	6	preceding vowel duration in ms	voiced	177	14	mean of 6 productions	6
Fourakis_Iverson_1984	1	4	lag	6	preceding vowel duration in ms	voiced	259	17	mean of 6 productions	6
Fourakis_Iverson_1984	1	1	stak	6	preceding vowel duration in ms	voiceless	NA	NA	mean of 6 productions	6
Fourakis_Iverson_1984	1	2	stak	6	preceding vowel duration in ms	voiceless	179	11	mean of 6 productions	6
Fourakis_Iverson_1984	1	3	stak	6	preceding vowel duration in ms	voiceless	168	27	mean of 6 productions	6
Fourakis_Iverson_1984	1	4	stak	6	preceding vowel duration in ms	voiceless	228	4	mean of 6 productions	6
Fourakis_Iverson_1984	2	1	Rad	7	preceding vowel duration in ms	voiced	293	15	mean of 6 productions	6
Fourakis_Iverson_1984	2	2	Rad	7	preceding vowel duration in ms	voiced	303	29	mean of 5 productions	6
Fourakis_Iverson_1984	2	3	Rad	7	preceding vowel duration in ms	voiced	273	13	mean of 6 productions	6
Fourakis_Iverson_1984	2	4	Rad	7	preceding vowel duration in ms	voiced	NA	NA	mean of 6 productions	6
Fourakis_Iverson_1984	2	1	Rat	7	preceding vowel duration in ms	voiceless	298	34	mean of 6 productions	6
Fourakis_Iverson_1984	2	2	Rat	7	preceding vowel duration in ms	voiceless	266	17	mean of 6 productions	6
Fourakis_Iverson_1984	2	3	Rat	7	preceding vowel duration in ms	voiceless	230	22	mean of 6 productions	6
Fourakis_Iverson_1984	2	4	Rat	7	preceding vowel duration in ms	voiceless	NA	NA	mean of 6 productions	6
Fourakis_Iverson_1984	2	1	Weck	8	preceding vowel duration in ms	voiceless	113	18	mean of 6 productions	6
Fourakis_Iverson_1984	2	2	Weck	8	preceding vowel duration in ms	voiceless	106	11	mean of 6 productions	6
Fourakis_Iverson_1984	2	3	Weck	8	preceding vowel duration in ms	voiceless	101	3	mean of 6 productions	6
Fourakis_Iverson_1984	2	4	Weck	8	preceding vowel duration in ms	voiceless	107	12	mean of 6 productions	6
Fourakis_Iverson_1984	2	1	weg	8	preceding vowel duration in ms	voiced	138	13	mean of 6 productions	6
Fourakis_Iverson_1984	2	2	weg	8	preceding vowel duration in ms	voiced	143	47	mean of 6 productions	6
Fourakis_Iverson_1984	2	3	weg	8	preceding vowel duration in ms	voiced	122	3	mean of 6 productions	6
Fourakis_Iverson_1984	2	4	weg	8	preceding vowel duration in ms	voiced	124	19	mean of 6 productions	6
