publication	subject	experiment	dur	voicing	stimuli	pair
Fuchs_2005	cg	ema	189.87	voiced	gedaad	aa
Fuchs_2005	cg	ema	178.56	voiced	gedaad	aa
Fuchs_2005	cg	ema	184.19	voiced	gedaad	aa
Fuchs_2005	cg	ema	177.5	voiced	gedaad	aa
Fuchs_2005	cg	ema	200.31	voiced	gedaad	aa
Fuchs_2005	cg	ema	184.56	voiced	gedaad	aa
Fuchs_2005	cg	ema	184.75	voiced	gedaad	aa
Fuchs_2005	cg	ema	206.62	voiced	gedaad	aa
Fuchs_2005	cg	ema	179.25	voiced	gedaad	aa
Fuchs_2005	cg	ema	198.19	voiced	gedaad	aa
Fuchs_2005	cg	pgg	195	voiced	gedaad	aa
Fuchs_2005	cg	pgg	169	voiced	gedaad	aa
Fuchs_2005	cg	pgg	174.87	voiced	gedaad	aa
Fuchs_2005	cg	pgg	173	voiced	gedaad	aa
Fuchs_2005	cg	pgg	193	voiced	gedaad	aa
Fuchs_2005	jd	ema	193	voiced	gedaad	aa
Fuchs_2005	jd	ema	164	voiced	gedaad	aa
Fuchs_2005	jd	ema	215	voiced	gedaad	aa
Fuchs_2005	jd	ema	184	voiced	gedaad	aa
Fuchs_2005	jd	ema	175	voiced	gedaad	aa
Fuchs_2005	jd	ema	180	voiced	gedaad	aa
Fuchs_2005	jd	ema	187	voiced	gedaad	aa
Fuchs_2005	jd	ema	179	voiced	gedaad	aa
Fuchs_2005	jd	ema	173	voiced	gedaad	aa
Fuchs_2005	jd	ema	206	voiced	gedaad	aa
Fuchs_2005	jd	pgg	163.5	voiced	gedaad	aa
Fuchs_2005	jd	pgg	150.17	voiced	gedaad	aa
Fuchs_2005	jd	pgg	152.25	voiced	gedaad	aa
Fuchs_2005	jd	pgg	148.5	voiced	gedaad	aa
Fuchs_2005	jd	pgg	151.62	voiced	gedaad	aa
Fuchs_2005	sf	ema	147.25	voiced	gedaad	aa
Fuchs_2005	sf	ema	138.44	voiced	gedaad	aa
Fuchs_2005	sf	ema	146.19	voiced	gedaad	aa
Fuchs_2005	sf	ema	138.69	voiced	gedaad	aa
Fuchs_2005	sf	ema	160.5	voiced	gedaad	aa
Fuchs_2005	sf	ema	148.87	voiced	gedaad	aa
Fuchs_2005	sf	ema	148.12	voiced	gedaad	aa
Fuchs_2005	sf	ema	137.44	voiced	gedaad	aa
Fuchs_2005	sf	ema	146	voiced	gedaad	aa
Fuchs_2005	sf	ema	149.87	voiced	gedaad	aa
Fuchs_2005	sf	pgg	149	voiced	gedaad	aa
Fuchs_2005	sf	pgg	144.46	voiced	gedaad	aa
Fuchs_2005	sf	pgg	132.12	voiced	gedaad	aa
Fuchs_2005	sf	pgg	157.33	voiced	gedaad	aa
Fuchs_2005	sf	pgg	145	voiced	getaat	aa
Fuchs_2005	cg	ema	171.69	voiceless	getaat	aa
Fuchs_2005	cg	ema	173.12	voiceless	getaat	aa
Fuchs_2005	cg	ema	155.37	voiceless	getaat	aa
Fuchs_2005	cg	ema	168.25	voiceless	getaat	aa
Fuchs_2005	cg	ema	168.94	voiceless	getaat	aa
Fuchs_2005	cg	ema	151.62	voiceless	getaat	aa
Fuchs_2005	cg	ema	163.12	voiceless	getaat	aa
Fuchs_2005	cg	ema	148.75	voiceless	getaat	aa
Fuchs_2005	cg	ema	165.62	voiceless	getaat	aa
Fuchs_2005	cg	ema	156.06	voiceless	getaat	aa
Fuchs_2005	cg	pgg	105	voiceless	getaat	aa
Fuchs_2005	cg	pgg	125.08	voiceless	getaat	aa
Fuchs_2005	cg	pgg	140.58	voiceless	getaat	aa
Fuchs_2005	cg	pgg	148.5	voiceless	getaat	aa
Fuchs_2005	cg	pgg	128.67	voiceless	getaat	aa
Fuchs_2005	jd	ema	170	voiceless	getaat	aa
Fuchs_2005	jd	ema	161	voiceless	getaat	aa
Fuchs_2005	jd	ema	174	voiceless	getaat	aa
Fuchs_2005	jd	ema	146	voiceless	getaat	aa
Fuchs_2005	jd	ema	148	voiceless	getaat	aa
Fuchs_2005	jd	ema	135	voiceless	getaat	aa
Fuchs_2005	jd	ema	148	voiceless	getaat	aa
Fuchs_2005	jd	ema	161	voiceless	getaat	aa
Fuchs_2005	jd	ema	149	voiceless	getaat	aa
Fuchs_2005	jd	ema	167	voiceless	getaat	aa
Fuchs_2005	jd	pgg	155	voiceless	getaat	aa
Fuchs_2005	jd	pgg	147.04	voiceless	getaat	aa
Fuchs_2005	jd	pgg	120	voiceless	getaat	aa
Fuchs_2005	jd	pgg	143.5	voiceless	getaat	aa
Fuchs_2005	jd	pgg	144.79	voiceless	getaat	aa
Fuchs_2005	sf	ema	96.37	voiceless	getaat	aa
Fuchs_2005	sf	ema	104.87	voiceless	getaat	aa
Fuchs_2005	sf	ema	105.06	voiceless	getaat	aa
Fuchs_2005	sf	ema	102.25	voiceless	getaat	aa
Fuchs_2005	sf	ema	93.12	voiceless	getaat	aa
Fuchs_2005	sf	ema	83.06	voiceless	getaat	aa
Fuchs_2005	sf	ema	116.62	voiceless	getaat	aa
Fuchs_2005	sf	ema	128.62	voiceless	getaat	aa
Fuchs_2005	sf	ema	116.31	voiceless	getaat	aa
Fuchs_2005	sf	ema	96.69	voiceless	getaat	aa
Fuchs_2005	sf	pgg	97	voiceless	getaat	aa
Fuchs_2005	sf	pgg	105.83	voiceless	getaat	aa
Fuchs_2005	sf	pgg	78.58	voiceless	getaat	aa
Fuchs_2005	sf	pgg	98.54	voiceless	getaat	aa
Fuchs_2005	sf	pgg	90.92	voiceless	getaat	aa
Fuchs_2005	cg	ema	140	voiced	gedied	ie
Fuchs_2005	cg	ema	137.06	voiced	gedied	ie
Fuchs_2005	cg	ema	144.44	voiced	gedied	ie
Fuchs_2005	cg	ema	147.25	voiced	gedied	ie
Fuchs_2005	cg	ema	135.75	voiced	gedied	ie
Fuchs_2005	cg	ema	118.44	voiced	gedied	ie
Fuchs_2005	cg	ema	125.56	voiced	gedied	ie
Fuchs_2005	cg	ema	122.12	voiced	gedied	ie
Fuchs_2005	cg	ema	115.56	voiced	gedied	ie
Fuchs_2005	cg	ema	136.31	voiced	gedied	ie
Fuchs_2005	cg	pgg	97.96	voiced	gedied	ie
Fuchs_2005	cg	pgg	156	voiced	gedied	ie
Fuchs_2005	cg	pgg	124	voiced	gedied	ie
Fuchs_2005	cg	pgg	166.75	voiced	gedied	ie
Fuchs_2005	cg	pgg	164	voiced	gedied	ie
Fuchs_2005	jd	ema	126	voiced	gedied	ie
Fuchs_2005	jd	ema	116	voiced	gedied	ie
Fuchs_2005	jd	ema	124	voiced	gedied	ie
Fuchs_2005	jd	ema	123	voiced	gedied	ie
Fuchs_2005	jd	ema	123	voiced	gedied	ie
Fuchs_2005	jd	ema	103	voiced	gedied	ie
Fuchs_2005	jd	ema	107	voiced	gedied	ie
Fuchs_2005	jd	ema	105	voiced	gedied	ie
Fuchs_2005	jd	ema	103	voiced	gedied	ie
Fuchs_2005	jd	ema	116	voiced	gedied	ie
Fuchs_2005	jd	pgg	81.58	voiced	gedied	ie
Fuchs_2005	jd	pgg	100.58	voiced	gedied	ie
Fuchs_2005	jd	pgg	102.62	voiced	gedied	ie
Fuchs_2005	jd	pgg	100.37	voiced	gedied	ie
Fuchs_2005	jd	pgg	74	voiced	gedied	ie
Fuchs_2005	sf	ema	82.25	voiced	gedied	ie
Fuchs_2005	sf	ema	69.62	voiced	gedied	ie
Fuchs_2005	sf	ema	75	voiced	gedied	ie
Fuchs_2005	sf	ema	70.06	voiced	gedied	ie
Fuchs_2005	sf	ema	79.44	voiced	gedied	ie
Fuchs_2005	sf	ema	98	voiced	gedied	ie
Fuchs_2005	sf	ema	75.44	voiced	gedied	ie
Fuchs_2005	sf	ema	87	voiced	gedied	ie
Fuchs_2005	sf	ema	52.06	voiced	gedied	ie
Fuchs_2005	sf	ema	83	voiced	gedied	ie
Fuchs_2005	sf	pgg	80.46	voiced	gedied	ie
Fuchs_2005	sf	pgg	89.58	voiced	gedied	ie
Fuchs_2005	sf	pgg	83.12	voiced	gedied	ie
Fuchs_2005	sf	pgg	85.12	voiced	gedied	ie
Fuchs_2005	sf	pgg	88.54	voiced	gedied	ie
Fuchs_2005	cg	ema	80.5	voiceless	getiet	ie
Fuchs_2005	cg	ema	129	voiceless	getiet	ie
Fuchs_2005	cg	ema	101.94	voiceless	getiet	ie
Fuchs_2005	cg	ema	127.75	voiceless	getiet	ie
Fuchs_2005	cg	ema	83.94	voiceless	getiet	ie
Fuchs_2005	cg	ema	118.81	voiceless	getiet	ie
Fuchs_2005	cg	ema	94.62	voiceless	getiet	ie
Fuchs_2005	cg	ema	87	voiceless	getiet	ie
Fuchs_2005	cg	ema	92.87	voiceless	getiet	ie
Fuchs_2005	cg	ema	94.81	voiceless	getiet	ie
Fuchs_2005	cg	pgg	84.46	voiceless	getiet	ie
Fuchs_2005	cg	pgg	89.29	voiceless	getiet	ie
Fuchs_2005	cg	pgg	101.12	voiceless	getiet	ie
Fuchs_2005	cg	pgg	95.46	voiceless	getiet	ie
Fuchs_2005	cg	pgg	114.5	voiceless	getiet	ie
Fuchs_2005	jd	ema	47	voiceless	getiet	ie
Fuchs_2005	jd	ema	91	voiceless	getiet	ie
Fuchs_2005	jd	ema	90	voiceless	getiet	ie
Fuchs_2005	jd	ema	87	voiceless	getiet	ie
Fuchs_2005	jd	ema	82	voiceless	getiet	ie
Fuchs_2005	jd	ema	78	voiceless	getiet	ie
Fuchs_2005	jd	ema	74	voiceless	getiet	ie
Fuchs_2005	jd	ema	91	voiceless	getiet	ie
Fuchs_2005	jd	ema	97	voiceless	getiet	ie
Fuchs_2005	jd	ema	87	voiceless	getiet	ie
Fuchs_2005	jd	pgg	57.75	voiceless	getiet	ie
Fuchs_2005	jd	pgg	73	voiceless	getiet	ie
Fuchs_2005	jd	pgg	90.12	voiceless	getiet	ie
Fuchs_2005	jd	pgg	68	voiceless	getiet	ie
Fuchs_2005	jd	pgg	63.79	voiceless	getiet	ie
Fuchs_2005	sf	ema	46.19	voiceless	getiet	ie
Fuchs_2005	sf	ema	59	voiceless	getiet	ie
Fuchs_2005	sf	ema	62.06	voiceless	getiet	ie
Fuchs_2005	sf	ema	44.37	voiceless	getiet	ie
Fuchs_2005	sf	ema	48	voiceless	getiet	ie
Fuchs_2005	sf	ema	48.62	voiceless	getiet	ie
Fuchs_2005	sf	ema	50.81	voiceless	getiet	ie
Fuchs_2005	sf	ema	73	voiceless	getiet	ie
Fuchs_2005	sf	ema	59	voiceless	getiet	ie
Fuchs_2005	sf	ema	53.62	voiceless	getiet	ie
Fuchs_2005	sf	pgg	46.29	voiceless	getiet	ie
Fuchs_2005	sf	pgg	56.75	voiceless	getiet	ie
Fuchs_2005	sf	pgg	58.08	voiceless	getiet	ie
Fuchs_2005	sf	pgg	53	voiceless	getiet	ie
Fuchs_2005	sf	pgg	61.12	voiceless	getiet	ie
Fuchs_2005	cg	ema	135.12	voiced	geduhd	uh
Fuchs_2005	cg	ema	131	voiced	geduhd	uh
Fuchs_2005	cg	ema	166.12	voiced	geduhd	uh
Fuchs_2005	cg	ema	127.56	voiced	geduhd	uh
Fuchs_2005	cg	ema	140.62	voiced	geduhd	uh
Fuchs_2005	cg	ema	165.25	voiced	geduhd	uh
Fuchs_2005	cg	ema	139.62	voiced	geduhd	uh
Fuchs_2005	cg	ema	138	voiced	geduhd	uh
Fuchs_2005	cg	ema	146.19	voiced	geduhd	uh
Fuchs_2005	cg	ema	142.87	voiced	geduhd	uh
Fuchs_2005	cg	pgg	132.92	voiced	geduhd	uh
Fuchs_2005	cg	pgg	130.58	voiced	geduhd	uh
Fuchs_2005	cg	pgg	153	voiced	geduhd	uh
Fuchs_2005	cg	pgg	141.08	voiced	geduhd	uh
Fuchs_2005	cg	pgg	145.96	voiced	geduhd	uh
Fuchs_2005	jd	ema	113	voiced	geduhd	uh
Fuchs_2005	jd	ema	108	voiced	geduhd	uh
Fuchs_2005	jd	ema	142	voiced	geduhd	uh
Fuchs_2005	jd	ema	141	voiced	geduhd	uh
Fuchs_2005	jd	ema	124	voiced	geduhd	uh
Fuchs_2005	jd	ema	127	voiced	geduhd	uh
Fuchs_2005	jd	ema	118	voiced	geduhd	uh
Fuchs_2005	jd	ema	108	voiced	geduhd	uh
Fuchs_2005	jd	ema	119	voiced	geduhd	uh
Fuchs_2005	jd	ema	126	voiced	geduhd	uh
Fuchs_2005	jd	pgg	127	voiced	geduhd	uh
Fuchs_2005	jd	pgg	131.62	voiced	geduhd	uh
Fuchs_2005	jd	pgg	131	voiced	geduhd	uh
Fuchs_2005	jd	pgg	120.29	voiced	geduhd	uh
Fuchs_2005	jd	pgg	113.79	voiced	geduhd	uh
Fuchs_2005	sf	ema	139.56	voiced	geduhd	uh
Fuchs_2005	sf	ema	108	voiced	geduhd	uh
Fuchs_2005	sf	ema	119	voiced	geduhd	uh
Fuchs_2005	sf	ema	105	voiced	geduhd	uh
Fuchs_2005	sf	ema	112	voiced	geduhd	uh
Fuchs_2005	sf	ema	119	voiced	geduhd	uh
Fuchs_2005	sf	ema	112.25	voiced	geduhd	uh
Fuchs_2005	sf	ema	108	voiced	geduhd	uh
Fuchs_2005	sf	ema	100	voiced	geduhd	uh
Fuchs_2005	sf	ema	108	voiced	geduhd	uh
Fuchs_2005	sf	pgg	104.75	voiced	geduhd	uh
Fuchs_2005	sf	pgg	99.21	voiced	geduhd	uh
Fuchs_2005	sf	pgg	100.25	voiced	geduhd	uh
Fuchs_2005	sf	pgg	102.29	voiced	geduhd	uh
Fuchs_2005	sf	pgg	106.21	voiced	geduhd	uh
Fuchs_2005	cg	ema	104.31	voiceless	getuht	uh
Fuchs_2005	cg	ema	82	voiceless	getuht	uh
Fuchs_2005	cg	ema	99.81	voiceless	getuht	uh
Fuchs_2005	cg	ema	99	voiceless	getuht	uh
Fuchs_2005	cg	ema	117.19	voiceless	getuht	uh
Fuchs_2005	cg	ema	95.31	voiceless	getuht	uh
Fuchs_2005	cg	ema	108.37	voiceless	getuht	uh
Fuchs_2005	cg	ema	98	voiceless	getuht	uh
Fuchs_2005	cg	ema	94.37	voiceless	getuht	uh
Fuchs_2005	cg	ema	100.25	voiceless	getuht	uh
Fuchs_2005	cg	pgg	78.83	voiceless	getuht	uh
Fuchs_2005	cg	pgg	127	voiceless	getuht	uh
Fuchs_2005	cg	pgg	112	voiceless	getuht	uh
Fuchs_2005	cg	pgg	95.42	voiceless	getuht	uh
Fuchs_2005	cg	pgg	110.21	voiceless	getuht	uh
Fuchs_2005	jd	ema	94	voiceless	getuht	uh
Fuchs_2005	jd	ema	109	voiceless	getuht	uh
Fuchs_2005	jd	ema	114	voiceless	getuht	uh
Fuchs_2005	jd	ema	83	voiceless	getuht	uh
Fuchs_2005	jd	ema	122	voiceless	getuht	uh
Fuchs_2005	jd	ema	111	voiceless	getuht	uh
Fuchs_2005	jd	ema	85	voiceless	getuht	uh
Fuchs_2005	jd	ema	96	voiceless	getuht	uh
Fuchs_2005	jd	ema	101	voiceless	getuht	uh
Fuchs_2005	jd	ema	87	voiceless	getuht	uh
Fuchs_2005	jd	pgg	77	voiceless	getuht	uh
Fuchs_2005	jd	pgg	84.71	voiceless	getuht	uh
Fuchs_2005	jd	pgg	116	voiceless	getuht	uh
Fuchs_2005	jd	pgg	90.42	voiceless	getuht	uh
Fuchs_2005	jd	pgg	94.04	voiceless	getuht	uh
Fuchs_2005	sf	ema	54.06	voiceless	getuht	uh
Fuchs_2005	sf	ema	103.56	voiceless	getuht	uh
Fuchs_2005	sf	ema	53.5	voiceless	getuht	uh
Fuchs_2005	sf	ema	66.25	voiceless	getuht	uh
Fuchs_2005	sf	ema	64.81	voiceless	getuht	uh
Fuchs_2005	sf	ema	59.44	voiceless	getuht	uh
Fuchs_2005	sf	ema	66.19	voiceless	getuht	uh
Fuchs_2005	sf	ema	66.44	voiceless	getuht	uh
Fuchs_2005	sf	ema	85.94	voiceless	getuht	uh
Fuchs_2005	sf	ema	70.62	voiceless	getuht	uh
Fuchs_2005	sf	pgg	63.33	voiceless	getuht	uh
Fuchs_2005	sf	pgg	52.96	voiceless	getuht	uh
Fuchs_2005	sf	pgg	71.12	voiceless	getuht	uh
Fuchs_2005	sf	pgg	67.04	voiceless	getuht	uh
Fuchs_2005	sf	pgg	62.75	voiceless	getuht	uh
